Häufigste Suchanfragen,Klicks,Impressionen,CTR,Position
chessperiment,277,341,81.23%,1
chess editor,21,1226,1.71%,9.76
chessperiment.app,9,11,81.82%,1
chess variant maker,8,109,7.34%,6.99
fairy chess board editor,8,52,15.38%,7.48
chess board editor,7,554,1.26%,11.17
custom chess piece maker online free,6,36,16.67%,9.61
chess variants maker,3,10,30%,7.1
chess variant creator,2,42,4.76%,8.1
fairy chess piece maker,2,22,9.09%,8.14
chess piece maker,2,15,13.33%,24.07
noch mehr,2,2,100%,1
board editor,1,56,1.79%,11.39
chess variants online,1,27,3.7%,20.22
board editor chess,1,24,4.17%,14.5
custom chess board editor,1,21,4.76%,11.14
custom chess variant maker,1,17,5.88%,6.82
chess board editor download,1,6,16.67%,8.67
chess variants online free,1,2,50%,9.5
can i have the link,1,1,100%,1
custom chess pieces maker,1,1,100%,1
give free,1,1,100%,1
it won’t pop up,1,1,100%,1
that safe,1,1,100%,1
there isnt one,1,1,100%,1
without signing in,1,1,100%,1
free,1,1,100%,2
chess but you can make your own pieces,1,1,100%,3
chess editor board,0,57,0%,10.16
edit chess board,0,14,0%,10.86
chessboard editor,0,12,0%,28.08
chess board editor online,0,12,0%,29.42
editor chess,0,11,0%,9.55
custom chess piece maker online,0,9,0%,16.89
custom chess board online,0,9,0%,34.67
chess maker,0,9,0%,34.78
online chess board editor,0,7,0%,19.86
custom chess board maker,0,6,0%,9.83
chess online board editor,0,6,0%,10.5
chess piece creator,0,6,0%,13
online chess editor,0,6,0%,15.5
chess board creator,0,6,0%,27.83
online chess variants,0,6,0%,40
free chess board editor,0,5,0%,9.6
chess edit board,0,5,0%,10
theory64/editor,0,5,0%,11.6
chess piece editor,0,5,0%,13.2
chess board maker,0,5,0%,16.4
chess creator,0,5,0%,31
board chess editor,0,4,0%,10
edit chess,0,4,0%,15.75
chess variants ai,0,4,0%,18.75
chess projects,0,4,0%,29.5
custom chess game online,0,4,0%,45.75
site:chessperiment.app,0,3,0%,1
chess board edit,0,3,0%,10
chess edit maker,0,3,0%,10
chess sandbox,0,3,0%,14.67
custom chess piece maker,0,3,0%,23
editable chess board,0,3,0%,26
make your own chess pieces online,0,3,0%,30
1.58-dimensional chess variant definition creator,0,2,0%,5
more,0,2,0%,5
custom chess maker,0,2,0%,8.5
play chess variants online,0,2,0%,9
chess board editer,0,2,0%,10
theory64 editor,0,2,0%,10
periment,0,2,0%,11
chess board online editor,0,2,0%,16.5
infinite chess board editor,0,2,0%,21.5
chessboard maker,0,2,0%,25.5
custom chess,0,2,0%,27
chess recreate,0,2,0%,27.5
chess project,0,2,0%,34
chess board simulator,0,2,0%,38
chess variations online,0,2,0%,52.5
einfach bilder,0,1,0%,1
esiste.,0,1,0%,1
no ai,0,1,0%,1
chess variants app,0,1,0%,2
give me better ones,0,1,0%,2
how to make a chess variant,0,1,0%,2
what do you think is the best?,0,1,0%,2
chesseditor,0,1,0%,7
custom chess game maker,0,1,0%,8
1.58 dimensional chess variant creator,0,1,0%,9
chess editor online,0,1,0%,9
no in chess.com,0,1,0%,10
chess modifier,0,1,0%,11
chess.com board editor,0,1,0%,11
365 board editor,0,1,0%,15
365chess board editor,0,1,0%,15
fairy chess online free,0,1,0%,15
chess 365 board editor,0,1,0%,16
create chess,0,1,0%,23
customize chess,0,1,0%,24
chess creative,0,1,0%,25
custom chess pieces online,0,1,0%,27
augment chess,0,1,0%,29
create chess game,0,1,0%,33
chess scenario maker,0,1,0%,34
chess games with customizable characters,0,1,0%,35
custom chess online,0,1,0%,35
project chess,0,1,0%,35
farmer chess,0,1,0%,36
chess custom piece maker,0,1,0%,37
random chess piece generator,0,1,0%,50
chess diagram editor,0,1,0%,84
who created the game chess,0,1,0%,84